Video;Category
1;Arm Raising
2;Jogging
3;Walking
4;Greeting
5;Greeting
6;Waiting_motions
7;Waiting_motions
8;Surprised
9;Waiting_motions
10;Surprised
11;Arm Raising
12;Dancing
13;Dancing
14;Dancing
15;Celebration
16;Celebration
17;Arm Raising
18;Celebration
19;Greeting
20;Jogging
21;Jogging
22;Surprised
23;Walking
24;Walking
25;Dancing
26;Dancing
27;Dancing
28;Conversation
29;Conversation
30;Conversation
31;Police traffic
32;Police traffic
33;Police traffic
34;Police traffic
35;Greeting
36;Dancing
37;Dancing
38;Dancing
39;Dancing
40;Dancing
